--
-- PostgreSQL database dump
--

-- Dumped from database version 14.9 (Ubuntu 14.9-0ubuntu0.22.04.1)
-- Dumped by pg_dump version 14.9 (Ubuntu 14.9-0ubuntu0.22.04.1)

SET statement_timeout = 0;
SET lock_timeout = 0;
SET idle_in_transaction_session_timeout = 0;
SET client_encoding = 'UTF8';
SET standard_conforming_strings = on;
SELECT pg_catalog.set_config('search_path', '', false);
SET check_function_bodies = false;
SET xmloption = content;
SET client_min_messages = warning;
SET row_security = off;

SET default_tablespace = '';

SET default_table_access_method = heap;

--
-- Name: auth_group; Type: TABLE; Schema: public; Owner: user1
--

CREATE TABLE public.auth_group (
    id integer NOT NULL,
    name character varying(150) NOT NULL
);


ALTER TABLE public.auth_group OWNER TO user1;

--
-- Name: auth_group_id_seq; Type: SEQUENCE; Schema: public; Owner: user1
--

ALTER TABLE public.auth_group ALTER COLUMN id ADD GENERATED BY DEFAULT AS IDENTITY (
    SEQUENCE NAME public.auth_group_id_seq
    START WITH 1
    INCREMENT BY 1
    NO MINVALUE
    NO MAXVALUE
    CACHE 1
);


--
-- Name: auth_group_permissions; Type: TABLE; Schema: public; Owner: user1
--

CREATE TABLE public.auth_group_permissions (
    id bigint NOT NULL,
    group_id integer NOT NULL,
    permission_id integer NOT NULL
);


ALTER TABLE public.auth_group_permissions OWNER TO user1;

--
-- Name: auth_group_permissions_id_seq; Type: SEQUENCE; Schema: public; Owner: user1
--

ALTER TABLE public.auth_group_permissions ALTER COLUMN id ADD GENERATED BY DEFAULT AS IDENTITY (
    SEQUENCE NAME public.auth_group_permissions_id_seq
    START WITH 1
    INCREMENT BY 1
    NO MINVALUE
    NO MAXVALUE
    CACHE 1
);


--
-- Name: auth_permission; Type: TABLE; Schema: public; Owner: user1
--

CREATE TABLE public.auth_permission (
    id integer NOT NULL,
    name character varying(255) NOT NULL,
    content_type_id integer NOT NULL,
    codename character varying(100) NOT NULL
);


ALTER TABLE public.auth_permission OWNER TO user1;

--
-- Name: auth_permission_id_seq; Type: SEQUENCE; Schema: public; Owner: user1
--

ALTER TABLE public.auth_permission ALTER COLUMN id ADD GENERATED BY DEFAULT AS IDENTITY (
    SEQUENCE NAME public.auth_permission_id_seq
    START WITH 1
    INCREMENT BY 1
    NO MINVALUE
    NO MAXVALUE
    CACHE 1
);


--
-- Name: auth_user; Type: TABLE; Schema: public; Owner: user1
--

CREATE TABLE public.auth_user (
    id integer NOT NULL,
    password character varying(128) NOT NULL,
    last_login timestamp with time zone,
    is_superuser boolean NOT NULL,
    username character varying(150) NOT NULL,
    first_name character varying(150) NOT NULL,
    last_name character varying(150) NOT NULL,
    email character varying(254) NOT NULL,
    is_staff boolean NOT NULL,
    is_active boolean NOT NULL,
    date_joined timestamp with time zone NOT NULL
);


ALTER TABLE public.auth_user OWNER TO user1;

--
-- Name: auth_user_groups; Type: TABLE; Schema: public; Owner: user1
--

CREATE TABLE public.auth_user_groups (
    id bigint NOT NULL,
    user_id integer NOT NULL,
    group_id integer NOT NULL
);


ALTER TABLE public.auth_user_groups OWNER TO user1;

--
-- Name: auth_user_groups_id_seq; Type: SEQUENCE; Schema: public; Owner: user1
--

ALTER TABLE public.auth_user_groups ALTER COLUMN id ADD GENERATED BY DEFAULT AS IDENTITY (
    SEQUENCE NAME public.auth_user_groups_id_seq
    START WITH 1
    INCREMENT BY 1
    NO MINVALUE
    NO MAXVALUE
    CACHE 1
);


--
-- Name: auth_user_id_seq; Type: SEQUENCE; Schema: public; Owner: user1
--

ALTER TABLE public.auth_user ALTER COLUMN id ADD GENERATED BY DEFAULT AS IDENTITY (
    SEQUENCE NAME public.auth_user_id_seq
    START WITH 1
    INCREMENT BY 1
    NO MINVALUE
    NO MAXVALUE
    CACHE 1
);


--
-- Name: auth_user_user_permissions; Type: TABLE; Schema: public; Owner: user1
--

CREATE TABLE public.auth_user_user_permissions (
    id bigint NOT NULL,
    user_id integer NOT NULL,
    permission_id integer NOT NULL
);


ALTER TABLE public.auth_user_user_permissions OWNER TO user1;

--
-- Name: auth_user_user_permissions_id_seq; Type: SEQUENCE; Schema: public; Owner: user1
--

ALTER TABLE public.auth_user_user_permissions ALTER COLUMN id ADD GENERATED BY DEFAULT AS IDENTITY (
    SEQUENCE NAME public.auth_user_user_permissions_id_seq
    START WITH 1
    INCREMENT BY 1
    NO MINVALUE
    NO MAXVALUE
    CACHE 1
);


--
-- Name: django_admin_log; Type: TABLE; Schema: public; Owner: user1
--

CREATE TABLE public.django_admin_log (
    id integer NOT NULL,
    action_time timestamp with time zone NOT NULL,
    object_id text,
    object_repr character varying(200) NOT NULL,
    action_flag smallint NOT NULL,
    change_message text NOT NULL,
    content_type_id integer,
    user_id integer NOT NULL,
    CONSTRAINT django_admin_log_action_flag_check CHECK ((action_flag >= 0))
);


ALTER TABLE public.django_admin_log OWNER TO user1;

--
-- Name: django_admin_log_id_seq; Type: SEQUENCE; Schema: public; Owner: user1
--

ALTER TABLE public.django_admin_log ALTER COLUMN id ADD GENERATED BY DEFAULT AS IDENTITY (
    SEQUENCE NAME public.django_admin_log_id_seq
    START WITH 1
    INCREMENT BY 1
    NO MINVALUE
    NO MAXVALUE
    CACHE 1
);


--
-- Name: django_content_type; Type: TABLE; Schema: public; Owner: user1
--

CREATE TABLE public.django_content_type (
    id integer NOT NULL,
    app_label character varying(100) NOT NULL,
    model character varying(100) NOT NULL
);


ALTER TABLE public.django_content_type OWNER TO user1;

--
-- Name: django_content_type_id_seq; Type: SEQUENCE; Schema: public; Owner: user1
--

ALTER TABLE public.django_content_type ALTER COLUMN id ADD GENERATED BY DEFAULT AS IDENTITY (
    SEQUENCE NAME public.django_content_type_id_seq
    START WITH 1
    INCREMENT BY 1
    NO MINVALUE
    NO MAXVALUE
    CACHE 1
);


--
-- Name: django_migrations; Type: TABLE; Schema: public; Owner: user1
--

CREATE TABLE public.django_migrations (
    id bigint NOT NULL,
    app character varying(255) NOT NULL,
    name character varying(255) NOT NULL,
    applied timestamp with time zone NOT NULL
);


ALTER TABLE public.django_migrations OWNER TO user1;

--
-- Name: django_migrations_id_seq; Type: SEQUENCE; Schema: public; Owner: user1
--

ALTER TABLE public.django_migrations ALTER COLUMN id ADD GENERATED BY DEFAULT AS IDENTITY (
    SEQUENCE NAME public.django_migrations_id_seq
    START WITH 1
    INCREMENT BY 1
    NO MINVALUE
    NO MAXVALUE
    CACHE 1
);


--
-- Name: django_session; Type: TABLE; Schema: public; Owner: user1
--

CREATE TABLE public.django_session (
    session_key character varying(40) NOT NULL,
    session_data text NOT NULL,
    expire_date timestamp with time zone NOT NULL
);


ALTER TABLE public.django_session OWNER TO user1;

--
-- Name: shopapp_historialdecompra; Type: TABLE; Schema: public; Owner: user1
--

CREATE TABLE public.shopapp_historialdecompra (
    id bigint NOT NULL,
    amount integer NOT NULL,
    unit_price numeric(6,3) NOT NULL,
    total_cost numeric(6,3) NOT NULL,
    purchase_date timestamp with time zone NOT NULL,
    product_provider_id bigint NOT NULL,
    shop_id bigint NOT NULL
);


ALTER TABLE public.shopapp_historialdecompra OWNER TO user1;

--
-- Name: shopapp_historialdecompra_id_seq; Type: SEQUENCE; Schema: public; Owner: user1
--

ALTER TABLE public.shopapp_historialdecompra ALTER COLUMN id ADD GENERATED BY DEFAULT AS IDENTITY (
    SEQUENCE NAME public.shopapp_historialdecompra_id_seq
    START WITH 1
    INCREMENT BY 1
    NO MINVALUE
    NO MAXVALUE
    CACHE 1
);


--
-- Name: shopapp_historialdeventa; Type: TABLE; Schema: public; Owner: user1
--

CREATE TABLE public.shopapp_historialdeventa (
    id bigint NOT NULL,
    amount integer NOT NULL,
    unit_price numeric(6,3) NOT NULL,
    total_price numeric(6,3) NOT NULL,
    sale_date timestamp with time zone NOT NULL,
    product_provider_id bigint NOT NULL,
    shop_id bigint NOT NULL
);


ALTER TABLE public.shopapp_historialdeventa OWNER TO user1;

--
-- Name: shopapp_historialdeventa_id_seq; Type: SEQUENCE; Schema: public; Owner: user1
--

ALTER TABLE public.shopapp_historialdeventa ALTER COLUMN id ADD GENERATED BY DEFAULT AS IDENTITY (
    SEQUENCE NAME public.shopapp_historialdeventa_id_seq
    START WITH 1
    INCREMENT BY 1
    NO MINVALUE
    NO MAXVALUE
    CACHE 1
);


--
-- Name: shopapp_product; Type: TABLE; Schema: public; Owner: user1
--

CREATE TABLE public.shopapp_product (
    id bigint NOT NULL,
    name character varying(50) NOT NULL
);


ALTER TABLE public.shopapp_product OWNER TO user1;

--
-- Name: shopapp_product_id_seq; Type: SEQUENCE; Schema: public; Owner: user1
--

ALTER TABLE public.shopapp_product ALTER COLUMN id ADD GENERATED BY DEFAULT AS IDENTITY (
    SEQUENCE NAME public.shopapp_product_id_seq
    START WITH 1
    INCREMENT BY 1
    NO MINVALUE
    NO MAXVALUE
    CACHE 1
);


--
-- Name: shopapp_productprovider; Type: TABLE; Schema: public; Owner: user1
--

CREATE TABLE public.shopapp_productprovider (
    id bigint NOT NULL,
    product_id bigint NOT NULL,
    provider_id bigint NOT NULL
);


ALTER TABLE public.shopapp_productprovider OWNER TO user1;

--
-- Name: shopapp_productprovider_id_seq; Type: SEQUENCE; Schema: public; Owner: user1
--

ALTER TABLE public.shopapp_productprovider ALTER COLUMN id ADD GENERATED BY DEFAULT AS IDENTITY (
    SEQUENCE NAME public.shopapp_productprovider_id_seq
    START WITH 1
    INCREMENT BY 1
    NO MINVALUE
    NO MAXVALUE
    CACHE 1
);


--
-- Name: shopapp_provider; Type: TABLE; Schema: public; Owner: user1
--

CREATE TABLE public.shopapp_provider (
    id bigint NOT NULL,
    name character varying(50) NOT NULL
);


ALTER TABLE public.shopapp_provider OWNER TO user1;

--
-- Name: shopapp_provider_id_seq; Type: SEQUENCE; Schema: public; Owner: user1
--

ALTER TABLE public.shopapp_provider ALTER COLUMN id ADD GENERATED BY DEFAULT AS IDENTITY (
    SEQUENCE NAME public.shopapp_provider_id_seq
    START WITH 1
    INCREMENT BY 1
    NO MINVALUE
    NO MAXVALUE
    CACHE 1
);


--
-- Name: shopapp_shop; Type: TABLE; Schema: public; Owner: user1
--

CREATE TABLE public.shopapp_shop (
    id bigint NOT NULL,
    name character varying(50) NOT NULL,
    email character varying(50) NOT NULL,
    addres character varying(50),
    money integer NOT NULL
);


ALTER TABLE public.shopapp_shop OWNER TO user1;

--
-- Name: shopapp_shop_id_seq; Type: SEQUENCE; Schema: public; Owner: user1
--

ALTER TABLE public.shopapp_shop ALTER COLUMN id ADD GENERATED BY DEFAULT AS IDENTITY (
    SEQUENCE NAME public.shopapp_shop_id_seq
    START WITH 1
    INCREMENT BY 1
    NO MINVALUE
    NO MAXVALUE
    CACHE 1
);


--
-- Name: shopapp_shopproduct; Type: TABLE; Schema: public; Owner: user1
--

CREATE TABLE public.shopapp_shopproduct (
    id bigint NOT NULL,
    due_date timestamp with time zone,
    purchase_price numeric(6,3) NOT NULL,
    sale_price numeric(6,3) NOT NULL,
    amount integer NOT NULL,
    out_stock boolean NOT NULL,
    arrival_date date NOT NULL,
    product_provider_id bigint NOT NULL,
    shop_id bigint NOT NULL
);


ALTER TABLE public.shopapp_shopproduct OWNER TO user1;

--
-- Name: shopapp_shopproduct_id_seq; Type: SEQUENCE; Schema: public; Owner: user1
--

ALTER TABLE public.shopapp_shopproduct ALTER COLUMN id ADD GENERATED BY DEFAULT AS IDENTITY (
    SEQUENCE NAME public.shopapp_shopproduct_id_seq
    START WITH 1
    INCREMENT BY 1
    NO MINVALUE
    NO MAXVALUE
    CACHE 1
);


--
-- Name: shopapp_shopprovider; Type: TABLE; Schema: public; Owner: user1
--

CREATE TABLE public.shopapp_shopprovider (
    id bigint NOT NULL,
    provider_id bigint NOT NULL,
    shop_id bigint NOT NULL
);


ALTER TABLE public.shopapp_shopprovider OWNER TO user1;

--
-- Name: shopapp_shopprovider_id_seq; Type: SEQUENCE; Schema: public; Owner: user1
--

ALTER TABLE public.shopapp_shopprovider ALTER COLUMN id ADD GENERATED BY DEFAULT AS IDENTITY (
    SEQUENCE NAME public.shopapp_shopprovider_id_seq
    START WITH 1
    INCREMENT BY 1
    NO MINVALUE
    NO MAXVALUE
    CACHE 1
);


--
-- Data for Name: auth_group; Type: TABLE DATA; Schema: public; Owner: user1
--

COPY public.auth_group (id, name) FROM stdin;
\.


--
-- Data for Name: auth_group_permissions; Type: TABLE DATA; Schema: public; Owner: user1
--

COPY public.auth_group_permissions (id, group_id, permission_id) FROM stdin;
\.


--
-- Data for Name: auth_permission; Type: TABLE DATA; Schema: public; Owner: user1
--

COPY public.auth_permission (id, name, content_type_id, codename) FROM stdin;
1	Can add log entry	1	add_logentry
2	Can change log entry	1	change_logentry
3	Can delete log entry	1	delete_logentry
4	Can view log entry	1	view_logentry
5	Can add permission	2	add_permission
6	Can change permission	2	change_permission
7	Can delete permission	2	delete_permission
8	Can view permission	2	view_permission
9	Can add group	3	add_group
10	Can change group	3	change_group
11	Can delete group	3	delete_group
12	Can view group	3	view_group
13	Can add user	4	add_user
14	Can change user	4	change_user
15	Can delete user	4	delete_user
16	Can view user	4	view_user
17	Can add content type	5	add_contenttype
18	Can change content type	5	change_contenttype
19	Can delete content type	5	delete_contenttype
20	Can view content type	5	view_contenttype
21	Can add session	6	add_session
22	Can change session	6	change_session
23	Can delete session	6	delete_session
24	Can view session	6	view_session
25	Can add product	7	add_product
26	Can change product	7	change_product
27	Can delete product	7	delete_product
28	Can view product	7	view_product
29	Can add product provider	8	add_productprovider
30	Can change product provider	8	change_productprovider
31	Can delete product provider	8	delete_productprovider
32	Can view product provider	8	view_productprovider
33	Can add provider	9	add_provider
34	Can change provider	9	change_provider
35	Can delete provider	9	delete_provider
36	Can view provider	9	view_provider
37	Can add shop	10	add_shop
38	Can change shop	10	change_shop
39	Can delete shop	10	delete_shop
40	Can view shop	10	view_shop
41	Can add shop provider	11	add_shopprovider
42	Can change shop provider	11	change_shopprovider
43	Can delete shop provider	11	delete_shopprovider
44	Can view shop provider	11	view_shopprovider
45	Can add shop product	12	add_shopproduct
46	Can change shop product	12	change_shopproduct
47	Can delete shop product	12	delete_shopproduct
48	Can view shop product	12	view_shopproduct
49	Can add historial de venta	13	add_historialdeventa
50	Can change historial de venta	13	change_historialdeventa
51	Can delete historial de venta	13	delete_historialdeventa
52	Can view historial de venta	13	view_historialdeventa
53	Can add historial de compra	14	add_historialdecompra
54	Can change historial de compra	14	change_historialdecompra
55	Can delete historial de compra	14	delete_historialdecompra
56	Can view historial de compra	14	view_historialdecompra
\.


--
-- Data for Name: auth_user; Type: TABLE DATA; Schema: public; Owner: user1
--

COPY public.auth_user (id, password, last_login, is_superuser, username, first_name, last_name, email, is_staff, is_active, date_joined) FROM stdin;
1	pbkdf2_sha256$600000$xIyIPG0EzAkBnbF2ke3nPG$kGENgT8L3Mp/PbaxZJ/LL7udJQcaWKvwQZpM24ilVjM=	2023-09-04 11:22:00.021458-05	t	user1			serggiovanni@gmail.com	t	t	2023-09-04 11:21:53.521673-05
\.


--
-- Data for Name: auth_user_groups; Type: TABLE DATA; Schema: public; Owner: user1
--

COPY public.auth_user_groups (id, user_id, group_id) FROM stdin;
\.


--
-- Data for Name: auth_user_user_permissions; Type: TABLE DATA; Schema: public; Owner: user1
--

COPY public.auth_user_user_permissions (id, user_id, permission_id) FROM stdin;
\.


--
-- Data for Name: django_admin_log; Type: TABLE DATA; Schema: public; Owner: user1
--

COPY public.django_admin_log (id, action_time, object_id, object_repr, action_flag, change_message, content_type_id, user_id) FROM stdin;
\.


--
-- Data for Name: django_content_type; Type: TABLE DATA; Schema: public; Owner: user1
--

COPY public.django_content_type (id, app_label, model) FROM stdin;
1	admin	logentry
2	auth	permission
3	auth	group
4	auth	user
5	contenttypes	contenttype
6	sessions	session
7	shopapp	product
8	shopapp	productprovider
9	shopapp	provider
10	shopapp	shop
11	shopapp	shopprovider
12	shopapp	shopproduct
13	shopapp	historialdeventa
14	shopapp	historialdecompra
\.


--
-- Data for Name: django_migrations; Type: TABLE DATA; Schema: public; Owner: user1
--

COPY public.django_migrations (id, app, name, applied) FROM stdin;
1	contenttypes	0001_initial	2023-09-04 10:36:45.107097-05
2	auth	0001_initial	2023-09-04 10:36:45.160692-05
3	admin	0001_initial	2023-09-04 10:36:45.176871-05
4	admin	0002_logentry_remove_auto_add	2023-09-04 10:36:45.183805-05
5	admin	0003_logentry_add_action_flag_choices	2023-09-04 10:36:45.191663-05
6	contenttypes	0002_remove_content_type_name	2023-09-04 10:36:45.205044-05
7	auth	0002_alter_permission_name_max_length	2023-09-04 10:36:45.212403-05
8	auth	0003_alter_user_email_max_length	2023-09-04 10:36:45.221168-05
9	auth	0004_alter_user_username_opts	2023-09-04 10:36:45.228005-05
10	auth	0005_alter_user_last_login_null	2023-09-04 10:36:45.235383-05
11	auth	0006_require_contenttypes_0002	2023-09-04 10:36:45.237666-05
12	auth	0007_alter_validators_add_error_messages	2023-09-04 10:36:45.243937-05
13	auth	0008_alter_user_username_max_length	2023-09-04 10:36:45.253322-05
14	auth	0009_alter_user_last_name_max_length	2023-09-04 10:36:45.260383-05
15	auth	0010_alter_group_name_max_length	2023-09-04 10:36:45.268633-05
16	auth	0011_update_proxy_permissions	2023-09-04 10:36:45.275301-05
17	auth	0012_alter_user_first_name_max_length	2023-09-04 10:36:45.282238-05
18	sessions	0001_initial	2023-09-04 10:36:45.291772-05
19	shopapp	0001_initial	2023-09-04 10:36:45.364356-05
\.


--
-- Data for Name: django_session; Type: TABLE DATA; Schema: public; Owner: user1
--

COPY public.django_session (session_key, session_data, expire_date) FROM stdin;
clbh3hobcml6dlgvlxk584uf0e6flzur	.eJxVjDsOwjAQBe_iGln-xJ-lpM8ZLNu7wQFkS3FSIe5OIqWAdmbee7MQt7WErdMSZmRXJtnll6WYn1QPgY9Y743nVtdlTvxI-Gk7HxvS63a2fwcl9rKvjfWYhDEaNGaQ4FPWAoRH0KDytAP0jhzQYBDFkBxJpVAhWQtCTYZ9vsYVNzY:1qdCKu:IHj4mT80hrM1FOEFWVQpBXskRfXhZY8KpHUqWlU05d0	2023-09-18 11:22:00.023257-05
\.


--
-- Data for Name: shopapp_historialdecompra; Type: TABLE DATA; Schema: public; Owner: user1
--

COPY public.shopapp_historialdecompra (id, amount, unit_price, total_cost, purchase_date, product_provider_id, shop_id) FROM stdin;
\.


--
-- Data for Name: shopapp_historialdeventa; Type: TABLE DATA; Schema: public; Owner: user1
--

COPY public.shopapp_historialdeventa (id, amount, unit_price, total_price, sale_date, product_provider_id, shop_id) FROM stdin;
\.


--
-- Data for Name: shopapp_product; Type: TABLE DATA; Schema: public; Owner: user1
--

COPY public.shopapp_product (id, name) FROM stdin;
1	Helado Sublime
2	Trika
4	Helado Bom Bom
5	Inka Cola 600ml
6	Coca Cola 600ml
7	Clorox 680ml
8	Poett 550ml
9	Leche Gloria Azul 395ml
10	Leche Gloria Azul 170ml
11	Leche Gloria Roja 395ml
12	Leche Gloria Roja 170ml
13	Sello de Oro 90gr
14	Cielo 500ml
3	Helado Big Bang
\.


--
-- Data for Name: shopapp_productprovider; Type: TABLE DATA; Schema: public; Owner: user1
--

COPY public.shopapp_productprovider (id, product_id, provider_id) FROM stdin;
1	1	8
2	2	8
3	4	8
4	5	1
5	6	1
6	7	2
7	8	2
8	9	3
9	10	3
10	11	3
11	12	3
12	13	3
13	14	1
14	3	8
\.


--
-- Data for Name: shopapp_provider; Type: TABLE DATA; Schema: public; Owner: user1
--

COPY public.shopapp_provider (id, name) FROM stdin;
1	Coca Cola Company
2	Dijisa
3	Roma
4	D&G
5	J.E.
6	Fonpell
7	Empresa San Martin
8	Donofrio
\.


--
-- Data for Name: shopapp_shop; Type: TABLE DATA; Schema: public; Owner: user1
--

COPY public.shopapp_shop (id, name, email, addres, money) FROM stdin;
1	Ivisol	Ivisol@gmail.com	Chonavi	1000
2	Competencia1	emailfeo@gmial,com	Quien sabe cuando	1000
\.


--
-- Data for Name: shopapp_shopproduct; Type: TABLE DATA; Schema: public; Owner: user1
--

COPY public.shopapp_shopproduct (id, due_date, purchase_price, sale_price, amount, out_stock, arrival_date, product_provider_id, shop_id) FROM stdin;
\.


--
-- Data for Name: shopapp_shopprovider; Type: TABLE DATA; Schema: public; Owner: user1
--

COPY public.shopapp_shopprovider (id, provider_id, shop_id) FROM stdin;
1	1	1
19	2	1
20	3	1
21	4	1
22	5	1
23	6	1
24	7	1
25	8	1
\.


--
-- Name: auth_group_id_seq; Type: SEQUENCE SET; Schema: public; Owner: user1
--

SELECT pg_catalog.setval('public.auth_group_id_seq', 1, false);


--
-- Name: auth_group_permissions_id_seq; Type: SEQUENCE SET; Schema: public; Owner: user1
--

SELECT pg_catalog.setval('public.auth_group_permissions_id_seq', 1, false);


--
-- Name: auth_permission_id_seq; Type: SEQUENCE SET; Schema: public; Owner: user1
--

SELECT pg_catalog.setval('public.auth_permission_id_seq', 56, true);


--
-- Name: auth_user_groups_id_seq; Type: SEQUENCE SET; Schema: public; Owner: user1
--

SELECT pg_catalog.setval('public.auth_user_groups_id_seq', 1, false);


--
-- Name: auth_user_id_seq; Type: SEQUENCE SET; Schema: public; Owner: user1
--

SELECT pg_catalog.setval('public.auth_user_id_seq', 1, true);


--
-- Name: auth_user_user_permissions_id_seq; Type: SEQUENCE SET; Schema: public; Owner: user1
--

SELECT pg_catalog.setval('public.auth_user_user_permissions_id_seq', 1, false);


--
-- Name: django_admin_log_id_seq; Type: SEQUENCE SET; Schema: public; Owner: user1
--

SELECT pg_catalog.setval('public.django_admin_log_id_seq', 1, false);


--
-- Name: django_content_type_id_seq; Type: SEQUENCE SET; Schema: public; Owner: user1
--

SELECT pg_catalog.setval('public.django_content_type_id_seq', 14, true);


--
-- Name: django_migrations_id_seq; Type: SEQUENCE SET; Schema: public; Owner: user1
--

SELECT pg_catalog.setval('public.django_migrations_id_seq', 19, true);


--
-- Name: shopapp_historialdecompra_id_seq; Type: SEQUENCE SET; Schema: public; Owner: user1
--

SELECT pg_catalog.setval('public.shopapp_historialdecompra_id_seq', 4, true);


--
-- Name: shopapp_historialdeventa_id_seq; Type: SEQUENCE SET; Schema: public; Owner: user1
--

SELECT pg_catalog.setval('public.shopapp_historialdeventa_id_seq', 16, true);


--
-- Name: shopapp_product_id_seq; Type: SEQUENCE SET; Schema: public; Owner: user1
--

SELECT pg_catalog.setval('public.shopapp_product_id_seq', 14, true);


--
-- Name: shopapp_productprovider_id_seq; Type: SEQUENCE SET; Schema: public; Owner: user1
--

SELECT pg_catalog.setval('public.shopapp_productprovider_id_seq', 14, true);


--
-- Name: shopapp_provider_id_seq; Type: SEQUENCE SET; Schema: public; Owner: user1
--

SELECT pg_catalog.setval('public.shopapp_provider_id_seq', 8, true);


--
-- Name: shopapp_shop_id_seq; Type: SEQUENCE SET; Schema: public; Owner: user1
--

SELECT pg_catalog.setval('public.shopapp_shop_id_seq', 2, true);


--
-- Name: shopapp_shopproduct_id_seq; Type: SEQUENCE SET; Schema: public; Owner: user1
--

SELECT pg_catalog.setval('public.shopapp_shopproduct_id_seq', 4, true);


--
-- Name: shopapp_shopprovider_id_seq; Type: SEQUENCE SET; Schema: public; Owner: user1
--

SELECT pg_catalog.setval('public.shopapp_shopprovider_id_seq', 25, true);


--
-- Name: auth_group auth_group_name_key; Type: CONSTRAINT; Schema: public; Owner: user1
--

ALTER TABLE ONLY public.auth_group
    ADD CONSTRAINT auth_group_name_key UNIQUE (name);


--
-- Name: auth_group_permissions auth_group_permissions_group_id_permission_id_0cd325b0_uniq; Type: CONSTRAINT; Schema: public; Owner: user1
--

ALTER TABLE ONLY public.auth_group_permissions
    ADD CONSTRAINT auth_group_permissions_group_id_permission_id_0cd325b0_uniq UNIQUE (group_id, permission_id);


--
-- Name: auth_group_permissions auth_group_permissions_pkey; Type: CONSTRAINT; Schema: public; Owner: user1
--

ALTER TABLE ONLY public.auth_group_permissions
    ADD CONSTRAINT auth_group_permissions_pkey PRIMARY KEY (id);


--
-- Name: auth_group auth_group_pkey; Type: CONSTRAINT; Schema: public; Owner: user1
--

ALTER TABLE ONLY public.auth_group
    ADD CONSTRAINT auth_group_pkey PRIMARY KEY (id);


--
-- Name: auth_permission auth_permission_content_type_id_codename_01ab375a_uniq; Type: CONSTRAINT; Schema: public; Owner: user1
--

ALTER TABLE ONLY public.auth_permission
    ADD CONSTRAINT auth_permission_content_type_id_codename_01ab375a_uniq UNIQUE (content_type_id, codename);


--
-- Name: auth_permission auth_permission_pkey; Type: CONSTRAINT; Schema: public; Owner: user1
--

ALTER TABLE ONLY public.auth_permission
    ADD CONSTRAINT auth_permission_pkey PRIMARY KEY (id);


--
-- Name: auth_user_groups auth_user_groups_pkey; Type: CONSTRAINT; Schema: public; Owner: user1
--

ALTER TABLE ONLY public.auth_user_groups
    ADD CONSTRAINT auth_user_groups_pkey PRIMARY KEY (id);


--
-- Name: auth_user_groups auth_user_groups_user_id_group_id_94350c0c_uniq; Type: CONSTRAINT; Schema: public; Owner: user1
--

ALTER TABLE ONLY public.auth_user_groups
    ADD CONSTRAINT auth_user_groups_user_id_group_id_94350c0c_uniq UNIQUE (user_id, group_id);


--
-- Name: auth_user auth_user_pkey; Type: CONSTRAINT; Schema: public; Owner: user1
--

ALTER TABLE ONLY public.auth_user
    ADD CONSTRAINT auth_user_pkey PRIMARY KEY (id);


--
-- Name: auth_user_user_permissions auth_user_user_permissions_pkey; Type: CONSTRAINT; Schema: public; Owner: user1
--

ALTER TABLE ONLY public.auth_user_user_permissions
    ADD CONSTRAINT auth_user_user_permissions_pkey PRIMARY KEY (id);


--
-- Name: auth_user_user_permissions auth_user_user_permissions_user_id_permission_id_14a6b632_uniq; Type: CONSTRAINT; Schema: public; Owner: user1
--

ALTER TABLE ONLY public.auth_user_user_permissions
    ADD CONSTRAINT auth_user_user_permissions_user_id_permission_id_14a6b632_uniq UNIQUE (user_id, permission_id);


--
-- Name: auth_user auth_user_username_key; Type: CONSTRAINT; Schema: public; Owner: user1
--

ALTER TABLE ONLY public.auth_user
    ADD CONSTRAINT auth_user_username_key UNIQUE (username);


--
-- Name: django_admin_log django_admin_log_pkey; Type: CONSTRAINT; Schema: public; Owner: user1
--

ALTER TABLE ONLY public.django_admin_log
    ADD CONSTRAINT django_admin_log_pkey PRIMARY KEY (id);


--
-- Name: django_content_type django_content_type_app_label_model_76bd3d3b_uniq; Type: CONSTRAINT; Schema: public; Owner: user1
--

ALTER TABLE ONLY public.django_content_type
    ADD CONSTRAINT django_content_type_app_label_model_76bd3d3b_uniq UNIQUE (app_label, model);


--
-- Name: django_content_type django_content_type_pkey; Type: CONSTRAINT; Schema: public; Owner: user1
--

ALTER TABLE ONLY public.django_content_type
    ADD CONSTRAINT django_content_type_pkey PRIMARY KEY (id);


--
-- Name: django_migrations django_migrations_pkey; Type: CONSTRAINT; Schema: public; Owner: user1
--

ALTER TABLE ONLY public.django_migrations
    ADD CONSTRAINT django_migrations_pkey PRIMARY KEY (id);


--
-- Name: django_session django_session_pkey; Type: CONSTRAINT; Schema: public; Owner: user1
--

ALTER TABLE ONLY public.django_session
    ADD CONSTRAINT django_session_pkey PRIMARY KEY (session_key);


--
-- Name: shopapp_historialdecompra shopapp_historialdecompra_pkey; Type: CONSTRAINT; Schema: public; Owner: user1
--

ALTER TABLE ONLY public.shopapp_historialdecompra
    ADD CONSTRAINT shopapp_historialdecompra_pkey PRIMARY KEY (id);


--
-- Name: shopapp_historialdeventa shopapp_historialdeventa_pkey; Type: CONSTRAINT; Schema: public; Owner: user1
--

ALTER TABLE ONLY public.shopapp_historialdeventa
    ADD CONSTRAINT shopapp_historialdeventa_pkey PRIMARY KEY (id);


--
-- Name: shopapp_product shopapp_product_pkey; Type: CONSTRAINT; Schema: public; Owner: user1
--

ALTER TABLE ONLY public.shopapp_product
    ADD CONSTRAINT shopapp_product_pkey PRIMARY KEY (id);


--
-- Name: shopapp_productprovider shopapp_productprovider_pkey; Type: CONSTRAINT; Schema: public; Owner: user1
--

ALTER TABLE ONLY public.shopapp_productprovider
    ADD CONSTRAINT shopapp_productprovider_pkey PRIMARY KEY (id);


--
-- Name: shopapp_provider shopapp_provider_pkey; Type: CONSTRAINT; Schema: public; Owner: user1
--

ALTER TABLE ONLY public.shopapp_provider
    ADD CONSTRAINT shopapp_provider_pkey PRIMARY KEY (id);


--
-- Name: shopapp_shop shopapp_shop_email_key; Type: CONSTRAINT; Schema: public; Owner: user1
--

ALTER TABLE ONLY public.shopapp_shop
    ADD CONSTRAINT shopapp_shop_email_key UNIQUE (email);


--
-- Name: shopapp_shop shopapp_shop_pkey; Type: CONSTRAINT; Schema: public; Owner: user1
--

ALTER TABLE ONLY public.shopapp_shop
    ADD CONSTRAINT shopapp_shop_pkey PRIMARY KEY (id);


--
-- Name: shopapp_shopproduct shopapp_shopproduct_pkey; Type: CONSTRAINT; Schema: public; Owner: user1
--

ALTER TABLE ONLY public.shopapp_shopproduct
    ADD CONSTRAINT shopapp_shopproduct_pkey PRIMARY KEY (id);


--
-- Name: shopapp_shopprovider shopapp_shopprovider_pkey; Type: CONSTRAINT; Schema: public; Owner: user1
--

ALTER TABLE ONLY public.shopapp_shopprovider
    ADD CONSTRAINT shopapp_shopprovider_pkey PRIMARY KEY (id);


--
-- Name: auth_group_name_a6ea08ec_like; Type: INDEX; Schema: public; Owner: user1
--

CREATE INDEX auth_group_name_a6ea08ec_like ON public.auth_group USING btree (name varchar_pattern_ops);


--
-- Name: auth_group_permissions_group_id_b120cbf9; Type: INDEX; Schema: public; Owner: user1
--

CREATE INDEX auth_group_permissions_group_id_b120cbf9 ON public.auth_group_permissions USING btree (group_id);


--
-- Name: auth_group_permissions_permission_id_84c5c92e; Type: INDEX; Schema: public; Owner: user1
--

CREATE INDEX auth_group_permissions_permission_id_84c5c92e ON public.auth_group_permissions USING btree (permission_id);


--
-- Name: auth_permission_content_type_id_2f476e4b; Type: INDEX; Schema: public; Owner: user1
--

CREATE INDEX auth_permission_content_type_id_2f476e4b ON public.auth_permission USING btree (content_type_id);


--
-- Name: auth_user_groups_group_id_97559544; Type: INDEX; Schema: public; Owner: user1
--

CREATE INDEX auth_user_groups_group_id_97559544 ON public.auth_user_groups USING btree (group_id);


--
-- Name: auth_user_groups_user_id_6a12ed8b; Type: INDEX; Schema: public; Owner: user1
--

CREATE INDEX auth_user_groups_user_id_6a12ed8b ON public.auth_user_groups USING btree (user_id);


--
-- Name: auth_user_user_permissions_permission_id_1fbb5f2c; Type: INDEX; Schema: public; Owner: user1
--

CREATE INDEX auth_user_user_permissions_permission_id_1fbb5f2c ON public.auth_user_user_permissions USING btree (permission_id);


--
-- Name: auth_user_user_permissions_user_id_a95ead1b; Type: INDEX; Schema: public; Owner: user1
--

CREATE INDEX auth_user_user_permissions_user_id_a95ead1b ON public.auth_user_user_permissions USING btree (user_id);


--
-- Name: auth_user_username_6821ab7c_like; Type: INDEX; Schema: public; Owner: user1
--

CREATE INDEX auth_user_username_6821ab7c_like ON public.auth_user USING btree (username varchar_pattern_ops);


--
-- Name: django_admin_log_content_type_id_c4bce8eb; Type: INDEX; Schema: public; Owner: user1
--

CREATE INDEX django_admin_log_content_type_id_c4bce8eb ON public.django_admin_log USING btree (content_type_id);


--
-- Name: django_admin_log_user_id_c564eba6; Type: INDEX; Schema: public; Owner: user1
--

CREATE INDEX django_admin_log_user_id_c564eba6 ON public.django_admin_log USING btree (user_id);


--
-- Name: django_session_expire_date_a5c62663; Type: INDEX; Schema: public; Owner: user1
--

CREATE INDEX django_session_expire_date_a5c62663 ON public.django_session USING btree (expire_date);


--
-- Name: django_session_session_key_c0390e0f_like; Type: INDEX; Schema: public; Owner: user1
--

CREATE INDEX django_session_session_key_c0390e0f_like ON public.django_session USING btree (session_key varchar_pattern_ops);


--
-- Name: shopapp_historialdecompra_product_provider_id_ebfcecb1; Type: INDEX; Schema: public; Owner: user1
--

CREATE INDEX shopapp_historialdecompra_product_provider_id_ebfcecb1 ON public.shopapp_historialdecompra USING btree (product_provider_id);


--
-- Name: shopapp_historialdecompra_shop_id_02f91264; Type: INDEX; Schema: public; Owner: user1
--

CREATE INDEX shopapp_historialdecompra_shop_id_02f91264 ON public.shopapp_historialdecompra USING btree (shop_id);


--
-- Name: shopapp_historialdeventa_product_provider_id_fe8dba6e; Type: INDEX; Schema: public; Owner: user1
--

CREATE INDEX shopapp_historialdeventa_product_provider_id_fe8dba6e ON public.shopapp_historialdeventa USING btree (product_provider_id);


--
-- Name: shopapp_historialdeventa_shop_id_84f703be; Type: INDEX; Schema: public; Owner: user1
--

CREATE INDEX shopapp_historialdeventa_shop_id_84f703be ON public.shopapp_historialdeventa USING btree (shop_id);


--
-- Name: shopapp_productprovider_product_id_1c6d156c; Type: INDEX; Schema: public; Owner: user1
--

CREATE INDEX shopapp_productprovider_product_id_1c6d156c ON public.shopapp_productprovider USING btree (product_id);


--
-- Name: shopapp_productprovider_provider_id_cf8d09cd; Type: INDEX; Schema: public; Owner: user1
--

CREATE INDEX shopapp_productprovider_provider_id_cf8d09cd ON public.shopapp_productprovider USING btree (provider_id);


--
-- Name: shopapp_shop_email_45703b51_like; Type: INDEX; Schema: public; Owner: user1
--

CREATE INDEX shopapp_shop_email_45703b51_like ON public.shopapp_shop USING btree (email varchar_pattern_ops);


--
-- Name: shopapp_shopproduct_product_provider_id_b5e5200a; Type: INDEX; Schema: public; Owner: user1
--

CREATE INDEX shopapp_shopproduct_product_provider_id_b5e5200a ON public.shopapp_shopproduct USING btree (product_provider_id);


--
-- Name: shopapp_shopproduct_shop_id_34aea01c; Type: INDEX; Schema: public; Owner: user1
--

CREATE INDEX shopapp_shopproduct_shop_id_34aea01c ON public.shopapp_shopproduct USING btree (shop_id);


--
-- Name: shopapp_shopprovider_provider_id_9e21ef69; Type: INDEX; Schema: public; Owner: user1
--

CREATE INDEX shopapp_shopprovider_provider_id_9e21ef69 ON public.shopapp_shopprovider USING btree (provider_id);


--
-- Name: shopapp_shopprovider_shop_id_fa30a522; Type: INDEX; Schema: public; Owner: user1
--

CREATE INDEX shopapp_shopprovider_shop_id_fa30a522 ON public.shopapp_shopprovider USING btree (shop_id);


--
-- Name: auth_group_permissions auth_group_permissio_permission_id_84c5c92e_fk_auth_perm; Type: FK CONSTRAINT; Schema: public; Owner: user1
--

ALTER TABLE ONLY public.auth_group_permissions
    ADD CONSTRAINT auth_group_permissio_permission_id_84c5c92e_fk_auth_perm FOREIGN KEY (permission_id) REFERENCES public.auth_permission(id) DEFERRABLE INITIALLY DEFERRED;


--
-- Name: auth_group_permissions auth_group_permissions_group_id_b120cbf9_fk_auth_group_id; Type: FK CONSTRAINT; Schema: public; Owner: user1
--

ALTER TABLE ONLY public.auth_group_permissions
    ADD CONSTRAINT auth_group_permissions_group_id_b120cbf9_fk_auth_group_id FOREIGN KEY (group_id) REFERENCES public.auth_group(id) DEFERRABLE INITIALLY DEFERRED;


--
-- Name: auth_permission auth_permission_content_type_id_2f476e4b_fk_django_co; Type: FK CONSTRAINT; Schema: public; Owner: user1
--

ALTER TABLE ONLY public.auth_permission
    ADD CONSTRAINT auth_permission_content_type_id_2f476e4b_fk_django_co FOREIGN KEY (content_type_id) REFERENCES public.django_content_type(id) DEFERRABLE INITIALLY DEFERRED;


--
-- Name: auth_user_groups auth_user_groups_group_id_97559544_fk_auth_group_id; Type: FK CONSTRAINT; Schema: public; Owner: user1
--

ALTER TABLE ONLY public.auth_user_groups
    ADD CONSTRAINT auth_user_groups_group_id_97559544_fk_auth_group_id FOREIGN KEY (group_id) REFERENCES public.auth_group(id) DEFERRABLE INITIALLY DEFERRED;


--
-- Name: auth_user_groups auth_user_groups_user_id_6a12ed8b_fk_auth_user_id; Type: FK CONSTRAINT; Schema: public; Owner: user1
--

ALTER TABLE ONLY public.auth_user_groups
    ADD CONSTRAINT auth_user_groups_user_id_6a12ed8b_fk_auth_user_id FOREIGN KEY (user_id) REFERENCES public.auth_user(id) DEFERRABLE INITIALLY DEFERRED;


--
-- Name: auth_user_user_permissions auth_user_user_permi_permission_id_1fbb5f2c_fk_auth_perm; Type: FK CONSTRAINT; Schema: public; Owner: user1
--

ALTER TABLE ONLY public.auth_user_user_permissions
    ADD CONSTRAINT auth_user_user_permi_permission_id_1fbb5f2c_fk_auth_perm FOREIGN KEY (permission_id) REFERENCES public.auth_permission(id) DEFERRABLE INITIALLY DEFERRED;


--
-- Name: auth_user_user_permissions auth_user_user_permissions_user_id_a95ead1b_fk_auth_user_id; Type: FK CONSTRAINT; Schema: public; Owner: user1
--

ALTER TABLE ONLY public.auth_user_user_permissions
    ADD CONSTRAINT auth_user_user_permissions_user_id_a95ead1b_fk_auth_user_id FOREIGN KEY (user_id) REFERENCES public.auth_user(id) DEFERRABLE INITIALLY DEFERRED;


--
-- Name: django_admin_log django_admin_log_content_type_id_c4bce8eb_fk_django_co; Type: FK CONSTRAINT; Schema: public; Owner: user1
--

ALTER TABLE ONLY public.django_admin_log
    ADD CONSTRAINT django_admin_log_content_type_id_c4bce8eb_fk_django_co FOREIGN KEY (content_type_id) REFERENCES public.django_content_type(id) DEFERRABLE INITIALLY DEFERRED;


--
-- Name: django_admin_log django_admin_log_user_id_c564eba6_fk_auth_user_id; Type: FK CONSTRAINT; Schema: public; Owner: user1
--

ALTER TABLE ONLY public.django_admin_log
    ADD CONSTRAINT django_admin_log_user_id_c564eba6_fk_auth_user_id FOREIGN KEY (user_id) REFERENCES public.auth_user(id) DEFERRABLE INITIALLY DEFERRED;


--
-- Name: shopapp_historialdecompra shopapp_historialdec_product_provider_id_ebfcecb1_fk_shopapp_p; Type: FK CONSTRAINT; Schema: public; Owner: user1
--

ALTER TABLE ONLY public.shopapp_historialdecompra
    ADD CONSTRAINT shopapp_historialdec_product_provider_id_ebfcecb1_fk_shopapp_p FOREIGN KEY (product_provider_id) REFERENCES public.shopapp_productprovider(id) DEFERRABLE INITIALLY DEFERRED;


--
-- Name: shopapp_historialdecompra shopapp_historialdecompra_shop_id_02f91264_fk_shopapp_shop_id; Type: FK CONSTRAINT; Schema: public; Owner: user1
--

ALTER TABLE ONLY public.shopapp_historialdecompra
    ADD CONSTRAINT shopapp_historialdecompra_shop_id_02f91264_fk_shopapp_shop_id FOREIGN KEY (shop_id) REFERENCES public.shopapp_shop(id) DEFERRABLE INITIALLY DEFERRED;


--
-- Name: shopapp_historialdeventa shopapp_historialdev_product_provider_id_fe8dba6e_fk_shopapp_p; Type: FK CONSTRAINT; Schema: public; Owner: user1
--

ALTER TABLE ONLY public.shopapp_historialdeventa
    ADD CONSTRAINT shopapp_historialdev_product_provider_id_fe8dba6e_fk_shopapp_p FOREIGN KEY (product_provider_id) REFERENCES public.shopapp_productprovider(id) DEFERRABLE INITIALLY DEFERRED;


--
-- Name: shopapp_historialdeventa shopapp_historialdeventa_shop_id_84f703be_fk_shopapp_shop_id; Type: FK CONSTRAINT; Schema: public; Owner: user1
--

ALTER TABLE ONLY public.shopapp_historialdeventa
    ADD CONSTRAINT shopapp_historialdeventa_shop_id_84f703be_fk_shopapp_shop_id FOREIGN KEY (shop_id) REFERENCES public.shopapp_shop(id) DEFERRABLE INITIALLY DEFERRED;


--
-- Name: shopapp_productprovider shopapp_productprovi_product_id_1c6d156c_fk_shopapp_p; Type: FK CONSTRAINT; Schema: public; Owner: user1
--

ALTER TABLE ONLY public.shopapp_productprovider
    ADD CONSTRAINT shopapp_productprovi_product_id_1c6d156c_fk_shopapp_p FOREIGN KEY (product_id) REFERENCES public.shopapp_product(id) DEFERRABLE INITIALLY DEFERRED;


--
-- Name: shopapp_productprovider shopapp_productprovi_provider_id_cf8d09cd_fk_shopapp_p; Type: FK CONSTRAINT; Schema: public; Owner: user1
--

ALTER TABLE ONLY public.shopapp_productprovider
    ADD CONSTRAINT shopapp_productprovi_provider_id_cf8d09cd_fk_shopapp_p FOREIGN KEY (provider_id) REFERENCES public.shopapp_provider(id) DEFERRABLE INITIALLY DEFERRED;


--
-- Name: shopapp_shopproduct shopapp_shopproduct_product_provider_id_b5e5200a_fk_shopapp_p; Type: FK CONSTRAINT; Schema: public; Owner: user1
--

ALTER TABLE ONLY public.shopapp_shopproduct
    ADD CONSTRAINT shopapp_shopproduct_product_provider_id_b5e5200a_fk_shopapp_p FOREIGN KEY (product_provider_id) REFERENCES public.shopapp_productprovider(id) DEFERRABLE INITIALLY DEFERRED;


--
-- Name: shopapp_shopproduct shopapp_shopproduct_shop_id_34aea01c_fk_shopapp_shop_id; Type: FK CONSTRAINT; Schema: public; Owner: user1
--

ALTER TABLE ONLY public.shopapp_shopproduct
    ADD CONSTRAINT shopapp_shopproduct_shop_id_34aea01c_fk_shopapp_shop_id FOREIGN KEY (shop_id) REFERENCES public.shopapp_shop(id) DEFERRABLE INITIALLY DEFERRED;


--
-- Name: shopapp_shopprovider shopapp_shopprovider_provider_id_9e21ef69_fk_shopapp_p; Type: FK CONSTRAINT; Schema: public; Owner: user1
--

ALTER TABLE ONLY public.shopapp_shopprovider
    ADD CONSTRAINT shopapp_shopprovider_provider_id_9e21ef69_fk_shopapp_p FOREIGN KEY (provider_id) REFERENCES public.shopapp_provider(id) DEFERRABLE INITIALLY DEFERRED;


--
-- Name: shopapp_shopprovider shopapp_shopprovider_shop_id_fa30a522_fk_shopapp_shop_id; Type: FK CONSTRAINT; Schema: public; Owner: user1
--

ALTER TABLE ONLY public.shopapp_shopprovider
    ADD CONSTRAINT shopapp_shopprovider_shop_id_fa30a522_fk_shopapp_shop_id FOREIGN KEY (shop_id) REFERENCES public.shopapp_shop(id) DEFERRABLE INITIALLY DEFERRED;


--
-- PostgreSQL database dump complete
--

